,book_name,chapter,chapter_name,title,summaries
0,Harry Potter and the Chamber of Secrets,1,The Worst Birthday,Harry and Vernon eat with a uncle at Kitchen with Voldemort,"people: ['Harry', 'Vernon', 'Petunia'], actions:['eat'], with a ['uncle', 'aunt', 'birthday', 'dinner', 'wizard'], at ['Kitchen', 'Hogwarts'], supporting: ['Voldemort']"
1,Harry Potter and the Chamber of Secrets,2,Dobbys Warning,Harry and sir stop with a elf at Hogwarts with Dudley,"people: ['Harry', 'sir', 'Potter', 'Vernon'], actions:['stop'], with a ['elf', 'uncle', 'bar', 'bed', 'aunt'], at ['Hogwarts', 'Kitchen'], supporting: ['Dudley', 'Hedwig']"
2,Harry Potter and the Chamber of Secrets,3,The Burrow,Harry and Ron fly with a mum at  with Malfoy,"people: ['Harry', 'Ron', 'Fred', 'George', 'Weasley', 'Vernon'], actions:['fly'], with a ['mum', 'dad', 'window', 'house', 'garden'], at [], supporting: ['Malfoy', 'lockhart', 'Percy', 'Hedwig']"
3,Harry Potter and the Chamber of Secrets,4,At Flourish and Blotts,Harry and Malfoy buy with a alley at Hogwarts with Fred,"people: ['Harry', 'Malfoy', 'Weasley', 'Ron', 'Ginny', 'Draco', 'Hagrid'], actions:['buy'], with a ['alley', 'shop', 'book', 'gringotts', 'glass'], at ['Hogwarts'], supporting: ['Fred', 'Percy', 'Hermione', 'Arthur', 'Granger']"
4,Harry Potter and the Chamber of Secrets,5,The Whomping Willow,Harry and Ron fly with a professor at Gryffindor with Percy,"people: ['Harry', 'Ron', 'Snape', 'Mcgonagall', 'Weasley', 'Hedwig', 'Dumbledore'], actions:['fly', 'hit'], with a ['professor', 'trunk', 'train', 'tree', 'seat'], at ['Gryffindor', 'Hogwarts'], supporting: ['Percy', 'George', 'Fred', 'Severus', 'Ginny']"
5,Harry Potter and the Chamber of Secrets,6,Gilderoy Lockhart,Harry and Ron sprout with a professor at Gryffindor with Malfoy,"people: ['Harry', 'Ron', 'Hermione', 'Neville', 'Seamus'], actions:['sprout'], with a ['professor', 'class', 'paper', 'start', 'cage'], at ['Gryffindor'], supporting: ['Malfoy', 'Crabbe', 'Weasley']"
6,Harry Potter and the Chamber of Secrets,7,Mudbloods and Murmurs,Harry and Ron  with a team at Wood with Fred,"people: ['Harry', 'Ron', 'Hagrid', 'Malfoy', 'Hermione'], actions:[], with a ['team', 'field', 'quidditch', 'professor', 'broomstick'], at ['Wood', 'Slytherin'], supporting: ['Fred', 'George', 'Fudge']"
7,Harry Potter and the Chamber of Secrets,8,The Deathday Party,Harry and Filch ghost with a peeve at Dungeon with Ron,"people: ['Harry', 'Filch', 'Myrtle'], actions:['ghost'], with a ['peeve', 'party', 'sir', 'dance', 'floor'], at ['Dungeon', 'Office'], supporting: ['Ron']"
8,Harry Potter and the Chamber of Secrets,9,The Writing on the Wall,Harry and Hermione  with a professor at Slytherin with Snape,"people: ['Harry', 'Hermione', 'lockhart', 'Filch', 'Myrtle'], actions:[], with a ['professor', 'cat', 'class', 'magic', 'spider'], at ['Slytherin', 'Chamber'], supporting: ['Snape', 'Dumbledore', 'Percy']"
9,Harry Potter and the Chamber of Secrets,10,The Rogue Bludger,Harry and lockhart  with a bludger at Wood with George,"people: ['Harry', 'lockhart', 'Hermione', 'Potter', 'Malfoy'], actions:[], with a ['bludger', 'madam', 'sir', 'pomfrey', 'snitch'], at ['Wood', 'Slytherin'], supporting: ['George', 'Fred', 'Mcgonagall']"
10,Harry Potter and the Chamber of Secrets,11,The Duelling Club,Harry and Snape ernie with a snake at  with Potter,"people: ['Harry', 'Snape', 'Hermione', 'Ron', 'Malfoy', 'Dobby'], actions:['ernie', 'wand'], with a ['snake', 'potion', 'snow', 'cauldron', 'professor'], at [], supporting: ['Potter', 'Neville', 'gryffindor', 'Black']"
11,Harry Potter and the Chamber of Secrets,12,The Polyjuice Potion,Harry and Goyle burst with a potion at Slytherin with christmas,"people: ['Harry', 'Goyle', 'Crabbe', 'Malfoy', 'Hermione', 'Percy'], actions:['burst'], with a ['potion', 'door', 'hair', 'bathroom', 'hat'], at ['Slytherin', 'Chamber'], supporting: ['christmas', 'Dumbledore', 'Weasley', 'Hagrid']"
12,Harry Potter and the Chamber of Secrets,13,The Very Secret Diary,Harry and Ron mean with a diary at Chamber with Tom,"people: ['Harry', 'Ron', 'Myrtle', 'lockhart', 'Hermione'], actions:['mean', 'happen'], with a ['diary', 'ink', 'page', 'door', 'book'], at ['Chamber'], supporting: ['Tom', 'Filch', 'Percy']"
13,Harry Potter and the Chamber of Secrets,14,Cornelius Fudge,Harry and Fudge  with a professor at Gryffindor with Lucius,"people: ['Harry', 'Fudge', 'Ron', 'Riddle', 'Hermione', 'Dumbledore'], actions:[], with a ['professor', 'attack', 'cloak', 'door', 'diary'], at ['Gryffindor', 'Castle'], supporting: ['Lucius', 'Malfoy', 'Neville', 'Percy']"
14,Harry Potter and the Chamber of Secrets,15,Aragog,Harry and Ron wand with a car at Forest with Malfoy,"people: ['Harry', 'Ron', 'Hagrid'], actions:['wand'], with a ['car', 'lockhart', 'ernie', 'tree', 'path'], at ['Forest', 'Castle'], supporting: ['Malfoy']"
15,Harry Potter and the Chamber of Secrets,16,The Chamber of Secrets,Harry and Ron sink with a professor at Chamber with Percy,"people: ['Harry', 'Ron', 'Myrtle', 'Mcgonagall'], actions:['sink'], with a ['professor', 'exam', 'bathroom', 'wand', 'snake'], at ['Chamber'], supporting: ['Percy', 'Hermione']"
16,Harry Potter and the Chamber of Secrets,17,The Heir of Slytherin,Harry and Ginny raise with a diary at Chamber with Potter,"people: ['Harry', 'Ginny', 'Tom', 'Ron', 'Myrtle'], actions:['raise', 'hit'], with a ['diary', 'hat', 'sword', 'floor', 'blood'], at ['Chamber', 'Slytherin'], supporting: ['Potter', 'Hagrid', 'Dumbledore']"
17,Harry Potter and the Chamber of Secrets,18,Dobbys Reward,Harry and Dumbledore smile with a diary at Gryffindor with Lord,"people: ['Harry', 'Dumbledore', 'Malfoy', 'Ginny', 'lockhart', 'Lucius', 'Riddle', 'Ron'], actions:['smile', 'add'], with a ['diary', 'professor', 'elf', 'sword'], at ['Gryffindor', 'Slytherin'], supporting: ['Lord', 'Mcgonagall', 'Voldemort', 'Potter', 'Hermione', 'Tom']"
18,Harry Potter and the Deathly Hallows,1,The Dark Lord Ascending,Harry and Lord wand with a table at  with Severus,"people: ['Harry', 'Lord', 'Snape', 'Lucius', 'Bellatrix'], actions:['wand', 'order'], with a ['table', 'man', 'snake', 'ministry', 'family'], at [], supporting: ['Severus', 'Draco', 'Potter']"
19,Harry Potter and the Deathly Hallows,2,In Memoriam,Harry and Albus imagine with a mirror at Hogwarts with Potter,"people: ['Harry', 'Albus', 'Dumbledore'], actions:['imagine'], with a ['mirror', 'book', 'year', 'brother', 'page'], at ['Hogwarts'], supporting: ['Potter']"
20,Harry Potter and the Deathly Hallows,3,The Dursleys Departing,Harry and Dudley change with a uncle at  with Weasley,"people: ['Harry', 'Dudley', 'Petunia', 'Dursley'], actions:['change', 'hope'], with a ['uncle', 'aunt', 'room', 'door', 'house'], at [], supporting: ['Weasley', 'Voldemort']"
21,Harry Potter and the Deathly Hallows,4,The Seven Potters,Harry and Hedwig avoid with a death at  with George,"people: ['Harry', 'Hedwig', 'Fleur', 'Fred'], actions:['avoid'], with a ['death', 'eater', 'cage', 'broomstick', 'kingsley'], at [], supporting: ['George', 'Ron']"
22,Harry Potter and the Deathly Hallows,5,Fallen Warrior,Harry and Hagrid happen with a tonk at Kitchen with Ginny,"people: ['Harry', 'Hagrid', 'kingsley', 'Weasley', 'George', 'Voldemort', 'Fleur'], actions:['happen'], with a ['tonk', 'mundungus', 'death', 'tonight', 'son'], at ['Kitchen'], supporting: ['Ginny', 'stan', 'Fred', 'Hermione', 'Ron']"
23,Harry Potter and the Deathly Hallows,6,The Ghoul in Pyjamas,Harry and Hermione destroy with a horcrux at  with Fleur,"people: ['Harry', 'Hermione', 'Weasley', 'Dumbledore'], actions:['destroy'], with a ['horcrux', 'soul', 'book', 'diary', 'bed'], at [], supporting: ['Fleur', 'Voldemort']"
24,Harry Potter and the Deathly Hallows,7,The Will of Albus Dumbledore,Harry and Ron remember with a snitch at Kitchen with Hagrid,"people: ['Harry', 'Ron', 'Hermione', 'Weasley', 'Dumbledore', 'Charlie'], actions:['remember', 'copy'], with a ['snitch', 'sword', 'birthday', 'minister', 'room'], at ['Kitchen'], supporting: ['Hagrid', 'Granger', 'Fleur', 'Potter']"
25,Harry Potter and the Deathly Hallows,8,The Wedding,Harry and Xenophilius dress with a seat at  with Dumbledore,"people: ['Harry', 'Xenophilius', 'Fleur', 'Luna', 'Ron', 'Fred', 'George'], actions:['dress'], with a ['seat', 'wizard', 'robe', 'tent', 'father'], at [], supporting: ['Dumbledore', 'Hermione', 'Skeeter', 'Weasley', 'Rita']"
26,Harry Potter and the Deathly Hallows,9,A Place to Hide,Harry and Ron spell with a death at  with Voldemort,"people: ['Harry', 'Ron', 'Snape'], actions:['spell'], with a ['death', 'eater', 'wand', 'cloak', 'figure'], at [], supporting: ['Voldemort']"
27,Harry Potter and the Deathly Hallows,10,Kreachers Tale,Harry and Sirius picture with a elf at Kitchen with Lord,"people: ['Harry', 'Sirius', 'Hermione', 'Dumbledore', 'Ron'], actions:['picture'], with a ['elf', 'master', 'locket', 'letter', 'search'], at ['Kitchen'], supporting: ['Lord', 'Voldemort', 'Lily']"
28,Harry Potter and the Deathly Hallows,11,The Bribe,Harry and Hermione wand with a mundungus at Kitchen with Albus,"people: ['Harry', 'Hermione', 'Ron', 'Dumbledore'], actions:['wand', 'read'], with a ['mundungus', 'family', 'death', 'tonk', 'ministry'], at ['Kitchen'], supporting: ['Albus', 'Voldemort']"
29,Harry Potter and the Deathly Hallows,12,Magic is Might,Harry and Ron wand with a ministry at Kitchen with Umbridge,"people: ['Harry', 'Ron', 'Snape'], actions:['wand'], with a ['ministry', 'cloak', 'wizard', 'door', 'bag'], at ['Kitchen'], supporting: ['Umbridge']"
30,Harry Potter and the Deathly Hallows,13,The Muggle-Born Registration Commission,Harry and Hermione lift with a door at Office with Ron,"people: ['Harry', 'Hermione', 'Weasley'], actions:['lift'], with a ['door', 'dementor', 'locket', 'witch', 'wizard'], at ['Office'], supporting: ['Ron']"
31,Harry Potter and the Deathly Hallows,14,The Thief,Harry and Ron destroy with a tent at Wood with Dumbledore,"people: ['Harry', 'Ron', 'Voldemort'], actions:['destroy', 'place', 'happen'], with a ['tent', 'locket', 'horcrux', 'kreacher', 'wand'], at ['Wood'], supporting: ['Dumbledore']"
32,Harry Potter and the Deathly Hallows,15,The Goblins Revenge,Harry and Ron remove with a griphook at Hogwarts with Voldemort,"people: ['Harry', 'Ron', 'Snape', 'Dumbledore'], actions:['remove'], with a ['griphook', 'tent', 'goblin', 'sword', 'horcrux'], at ['Hogwarts'], supporting: ['Voldemort', 'Ginny']"
33,Harry Potter and the Deathly Hallows,16,Godrics Hollow,Harry and Dumbledore  with a snow at Gryffindor with Snape,"people: ['Harry', 'Dumbledore', 'Ron'], actions:[], with a ['snow', 'village', 'sword', 'death', 'christmas'], at ['Gryffindor'], supporting: ['Snape']"
34,Harry Potter and the Deathly Hallows,17,Bathildas Secret,Harry and James hold with a snake at  with James,"people: ['Harry', 'James'], actions:['hold'], with a ['snake', 'wand', 'child', 'horcrux', 'room'], at [], supporting: ['James', 'Lily']"
35,Harry Potter and the Deathly Hallows,18,The Life and Lies of Albus Dumbledore,Harry and Albus rise with a sister at  with Rita,"people: ['Harry', 'Albus', 'Hermione'], actions:['rise'], with a ['sister', 'power', 'death', 'family', 'book'], at [], supporting: ['Rita']"
36,Harry Potter and the Deathly Hallows,19,The Silver Doe,Harry and Ron sound with a locket at Forest with Riddle,"people: ['Harry', 'Ron', 'Hermione'], actions:['sound'], with a ['locket', 'snow', 'horcrux', 'tent', 'tree'], at ['Forest'], supporting: ['Riddle']"
37,Harry Potter and the Deathly Hallows,20,Xenophilius Lovegood,Harry and Ron wand with a spider at  with Dumbledore,"people: ['Harry', 'Ron', 'Hermione', 'Luna'], actions:['wand'], with a ['spider', 'help', 'book', 'pron', 'christmas'], at [], supporting: ['Dumbledore', 'Fleur']"
38,Harry Potter and the Deathly Hallows,21,The Tale of the Three Brothers,Harry and Hermione wand with a brother at Kitchen with Potter,"people: ['Harry', 'Hermione', 'Luna'], actions:['wand'], with a ['brother', 'death', 'cloak', 'stone', 'stair'], at ['Kitchen'], supporting: ['Potter']"
39,Harry Potter and the Deathly Hallows,22,The Deathly Hallows,Harry and Hermione snitch with a tent at  with Lupin,"people: ['Harry', 'Hermione', 'Xenophilius', 'Voldemort'], actions:['snitch'], with a ['tent', 'death', 'wand', 'lee', 'cloak'], at [], supporting: ['Lupin', 'Luna']"
40,Harry Potter and the Deathly Hallows,23,Malfoy Manor,Harry and Bellatrix scream with a tent at  with Luna,"people: ['Harry', 'Bellatrix', 'Lucius', 'Hermione', 'Ron', 'Draco', 'Potter'], actions:['scream', 'drag'], with a ['tent', 'sword', 'scar', 'werewolf', 'force'], at [], supporting: ['Luna', 'Voldemort', 'Lord', 'Vernon', 'Malfoy']"
41,Harry Potter and the Deathly Hallows,24,The Wandmaker,Harry and Dobby understand with a goblin at  with Voldemort,"people: ['Harry', 'Dobby', 'Fleur', 'Ron', 'Hermione'], actions:['understand'], with a ['goblin', 'wand', 'elf', 'scar', 'place'], at [], supporting: ['Voldemort', 'Dumbledore', 'Luna']"
42,Harry Potter and the Deathly Hallows,25,Shell Cottage,Harry and Fleur consider with a griphook at Gryffindor with Luna,"people: ['Harry', 'Fleur', 'Ron', 'Hermione'], actions:['consider'], with a ['griphook', 'sword', 'wizard', 'room', 'goblet'], at ['Gryffindor'], supporting: ['Luna', 'Dumbledore']"
43,Harry Potter and the Deathly Hallows,26,Gringotts,Harry and Hermione wand with a goblin at  with Tom,"people: ['Harry', 'Hermione', 'Bellatrix'], actions:['wand', 'gringotts'], with a ['goblin', 'madam', 'bag', 'door', 'track'], at [], supporting: ['Tom']"
44,Harry Potter and the Deathly Hallows,27,The Final Hiding Place,Harry and Ron fly with a lake at Hogwarts with Bellatrix,"people: ['Harry', 'Ron', 'Hermione', 'Lord'], actions:['fly'], with a ['lake', 'horcrux', 'goblin', 'water', 'boy'], at ['Hogwarts'], supporting: ['Bellatrix', 'Dumbledore']"
45,Harry Potter and the Deathly Hallows,28,The Missing Mirror,Harry and Albus wand with a street at  with Dumbledore,"people: ['Harry', 'Albus', 'Hermione', 'Ron'], actions:['wand'], with a ['street', 'death', 'dementor', 'eater', 'patronus'], at [], supporting: ['Dumbledore', 'Potter']"
46,Harry Potter and the Deathly Hallows,29,The Lost Diadem,Harry and Luna climb with a room at Ravenclaw with Dumbledore,"people: ['Harry', 'Luna', 'Ron', 'Seamus', 'Cho'], actions:['climb', 'need', 'send'], with a ['room', 'corner', 'wall', 'statue', 'door'], at ['Ravenclaw'], supporting: ['Dumbledore', 'Ginny', 'Voldemort']"
47,Harry Potter and the Deathly Hallows,30,The Sacking of Severus Snape,Harry and Luna wand with a professor at Ravenclaw with Fleur,"people: ['Harry', 'Luna', 'flitwick', 'Potter', 'Snape', 'Lupin', 'Percy'], actions:['wand'], with a ['professor', 'door', 'cloak', 'room', 'student'], at ['Ravenclaw', 'Castle'], supporting: ['Fleur', 'Weasley', 'Fred', 'Voldemort', 'Severus']"
48,Harry Potter and the Deathly Hallows,31,The Battle of Hogwarts,Harry and Hermione fight with a nick at Castle with Hagrid,"people: ['Harry', 'Hermione', 'Voldemort', 'Mcgonagall', 'Ginny'], actions:['fight'], with a ['nick', 'horcrux', 'student', 'tonk', 'corridor'], at ['Castle', 'Gryffindor'], supporting: ['Hagrid', 'Potter', 'Riddle']"
49,Harry Potter and the Deathly Hallows,32,The Elder Wand,Harry and Hermione wand with a snake at Castle with Potter,"people: ['Harry', 'Hermione', 'Ron', 'Snape', 'Lord', 'Severus'], actions:['wand'], with a ['snake', 'death', 'eater', 'spider', 'cloak'], at ['Castle'], supporting: ['Potter', 'Hagrid', 'Percy', 'Fred']"
50,Harry Potter and the Deathly Hallows,33,The Princes Tale,Harry and Snape fly with a sister at Castle with Sirius,"people: ['Harry', 'Snape', 'Petunia', 'James', 'Severus', 'Dumbledore'], actions:['fly', 'bear', 'mean'], with a ['sister', 'compartment', 'boy', 'platform', 'air'], at ['Castle'], supporting: ['Sirius', 'Lord', 'Voldemort', 'Potter']"
51,Harry Potter and the Deathly Hallows,34,The Forest Again,Harry and Neville stop with a snake at Forest with Dumbledore,"people: ['Harry', 'Neville', 'Lupin', 'Ginny', 'Sirius'], actions:['stop'], with a ['snake', 'body', 'death', 'wand', 'walk'], at ['Forest'], supporting: ['Dumbledore', 'Bellatrix', 'Hagrid']"
52,Harry Potter and the Deathly Hallows,35,Kings Cross,Harry and Voldemort wand with a power at  with Voldemort,"people: ['Harry', 'Voldemort'], actions:['wand', 'fear'], with a ['power', 'death', 'cloak', 'soul', 'master'], at [], supporting: ['Voldemort']"
53,Harry Potter and the Deathly Hallows,36,The Flaw in the Plan,Harry and Bellatrix scream with a death at Castle with Snape,"people: ['Harry', 'Bellatrix', 'Neville', 'Dumbledore', 'Hagrid'], actions:['scream', 'crowd', 'kill'], with a ['death', 'master', 'fight', 'ground', 'hall'], at ['Castle'], supporting: ['Snape', 'Potter', 'Lord']"
54,Harry Potter and the Goblet of Fire,1,The Riddle House,Harry and Riddle hiss with a man at  with Potter,"people: ['Harry', 'Riddle', 'Lord'], actions:['hiss', 'kill'], with a ['man', 'house', 'village', 'murder', 'snake'], at [], supporting: ['Potter']"
55,Harry Potter and the Goblet of Fire,2,The Scar,Harry and Sirius  with a wormtail at Hogwarts with Petunia,"people: ['Harry', 'Sirius', 'Voldemort', 'Hedwig'], actions:[], with a ['wormtail', 'wizard', 'bedroom', 'room', 'letter'], at ['Hogwarts', 'Privet'], supporting: ['Petunia', 'Vernon']"
56,Harry Potter and the Goblet of Fire,3,The Invitation,Harry and Dudley send with a uncle at  with Ron,"people: ['Harry', 'Dudley', 'Petunia', 'Hedwig', 'Weasley'], actions:['send'], with a ['uncle', 'aunt', 'letter', 'cup', 'owl'], at [], supporting: ['Ron', 'Sirius', 'Dursley']"
57,Harry Potter and the Goblet of Fire,4,Back to the Burrow,Harry and Dudley wand with a uncle at  with George,"people: ['Harry', 'Dudley', 'Weasley', 'Petunia'], actions:['wand'], with a ['uncle', 'aunt', 'fireplace', 'room', 'car'], at [], supporting: ['George', 'Ron']"
58,Harry Potter and the Goblet of Fire,5,Weasleys Wizard Wheezes,Harry and Weasley eat with a department at Kitchen with Hermione,"people: ['Harry', 'Weasley', 'Percy', 'Charlie', 'Fred', 'Ginny'], actions:['eat'], with a ['department', 'table', 'world', 'bagman', 'garden'], at ['Kitchen'], supporting: ['Hermione', 'George', 'Crouch', 'Sirius']"
59,Harry Potter and the Goblet of Fire,6,The Portkey,Harry and Diggory walk with a village at Kitchen with Hermione,"people: ['Harry', 'Diggory', 'Cedric', 'George', 'Fred', 'Charlie'], actions:['walk'], with a ['village', 'wizard', 'test', 'cup', 'world'], at ['Kitchen'], supporting: ['Hermione', 'Ron', 'Arthur', 'Ginny']"
60,Harry Potter and the Goblet of Fire,7,Bagman and Crouch,Harry and Weasley play with a tent at Wood with Hermione,"people: ['Harry', 'Weasley', 'Percy', 'Crouch', 'Ron', 'Krum'], actions:['play'], with a ['tent', 'field', 'wizard', 'ministry', 'man'], at ['Wood'], supporting: ['Hermione', 'Fred', 'Arthur', 'Charlie']"
61,Harry Potter and the Goblet of Fire,8,The Quidditch World Cup,Harry and Krum play with a bagman at  with Ron,"people: ['Harry', 'Krum', 'Dobby', 'winky', 'Weasley'], actions:['play'], with a ['bagman', 'sir', 'box', 'seat', 'dance'], at [], supporting: ['Ron', 'Hermione', 'Malfoy']"
62,Harry Potter and the Goblet of Fire,9,The Dark Mark,Harry and Diggory wand with a elf at Wood with Malfoy,"people: ['Harry', 'Diggory', 'Crouch', 'Ron', 'Hermione'], actions:['wand', 'shout'], with a ['elf', 'tree', 'bagman', 'tent', 'wizard'], at ['Wood'], supporting: ['Malfoy', 'Krum', 'Ginny']"
63,Harry Potter and the Goblet of Fire,10,Mayhem at the Ministry,Harry and Ron dress with a ministry at Kitchen with Crouch,"people: ['Harry', 'Ron', 'Percy', 'Hermione', 'Hedwig', 'Rita'], actions:['dress', 'hurt'], with a ['ministry', 'prophet', 'week', 'robe', 'father'], at ['Kitchen'], supporting: ['Crouch', 'George', 'Fred', 'Arthur']"
64,Harry Potter and the Goblet of Fire,11,Aboard the Hogwarts Express,Harry and Ron enter with a platform at Hogwarts with George,"people: ['Harry', 'Ron', 'Charlie', 'Diggory', 'Hermione', 'Malfoy', 'Arthur'], actions:['enter'], with a ['platform', 'compartment', 'train', 'rain', 'robe'], at ['Hogwarts', 'Kitchen'], supporting: ['George', 'Neville', 'Goyle', 'Crabbe', 'Percy']"
65,Harry Potter and the Goblet of Fire,12,The Triwizard Tournament,Harry and Hermione  with a nick at Ravenclaw with Fred,"people: ['Harry', 'Hermione', 'Dumbledore', 'Mcgonagall', 'Moody'], actions:[], with a ['nick', 'tournament', 'hall', 'year', 'champion'], at ['Ravenclaw', 'Gryffindor'], supporting: ['Fred', 'George', 'Hagrid']"
66,Harry Potter and the Goblet of Fire,13,Mad-Eye Moody,Harry and Ron sprout with a professor at  with lee,"people: ['Harry', 'Ron', 'Malfoy', 'Hermione', 'Hagrid', 'Mcgonagall', 'Lavender', 'Weasley'], actions:['sprout', 'end'], with a ['professor', 'trelawney', 'hall', 'pron', 'blast'], at [], supporting: ['lee', 'Brown', 'George', 'Fred', 'Crabbe', 'Draco']"
67,Harry Potter and the Goblet of Fire,14,The Unforgivable Curses,Harry and Ron curse with a spider at  with George,"people: ['Harry', 'Ron', 'Neville', 'Hermione'], actions:['curse', 'teach'], with a ['spider', 'professor', 'desk', 'lesson', 'parchment'], at [], supporting: ['George', 'Snape']"
68,Harry Potter and the Goblet of Fire,15,Beauxbatons and Durmstrang,Harry and Maxime  with a student at Hogwarts with Hagrid,"people: ['Harry', 'Maxime', 'Moody', 'Hermione', 'Dumbledore', 'Hedwig', 'Sirius'], actions:[], with a ['student', 'tournament', 'champion', 'professor', 'owl'], at ['Hogwarts', 'Castle'], supporting: ['Hagrid', 'Karkaroff', 'George', 'Fred', 'Mcgonagall']"
69,Harry Potter and the Goblet of Fire,16,The Goblet of Fire,Harry and Karkaroff  with a champion at Cabin with Fred,"people: ['Harry', 'Karkaroff', 'Hagrid', 'Hermione', 'Maxime', 'Krum', 'Dumbledore'], actions:[], with a ['champion', 'goblet', 'hall', 'student', 'tournament'], at ['Cabin', 'Hogwarts'], supporting: ['Fred', 'angelina', 'George', 'Crouch', 'lee']"
70,Harry Potter and the Goblet of Fire,17,The Four Champions,Harry and Maxime growl with a bagman at  with Ron,"people: ['Harry', 'Maxime', 'Cedric', 'Moody', 'Dumbledore', 'Fleur', 'Crouch'], actions:['growl'], with a ['bagman', 'goblet', 'madame', 'champion', 'professor'], at [], supporting: ['Ron', 'Krum', 'gryffindor', 'Snape', 'Mcgonagall']"
71,Harry Potter and the Goblet of Fire,18,The Weighing of the Wands,Harry and Rita enter with a quill at  with Potter,"people: ['Harry', 'Rita', 'Skeeter', 'Snape', 'Hermione', 'Cedric', 'Ron', 'Fleur'], actions:['enter'], with a ['quill', 'tournament', 'bagman', 'parchment', 'wand'], at [], supporting: ['Potter', 'Hagrid', 'Goyle', 'Diggory', 'Hedwig', 'Dumbledore']"
72,Harry Potter and the Goblet of Fire,19,The Hungarian Horntail,Harry and Maxime wear with a dragon at Castle with Rita,"people: ['Harry', 'Maxime', 'Hermione', 'Sirius', 'Moody', 'Charlie', 'Karkaroff'], actions:['wear'], with a ['dragon', 'madame', 'champion', 'task', 'cloak'], at ['Castle', 'Cabin'], supporting: ['Rita', 'Skeeter', 'Ron', 'Diggory', 'Krum']"
73,Harry Potter and the Goblet of Fire,20,The First Task,Harry and Moody crowd with a dragon at  with Karkaroff,"people: ['Harry', 'Moody', 'Krum', 'Fleur', 'Hermione'], actions:['crowd', 'soar'], with a ['dragon', 'bagman', 'tent', 'egg', 'champion'], at [], supporting: ['Karkaroff', 'Maxime', 'Mcgonagall']"
74,Harry Potter and the Goblet of Fire,21,The House-Elf Liberation Front,Harry and winky pay with a sir at Kitchen with Fred,"people: ['Harry', 'winky', 'Hermione', 'Ron', 'Hagrid', 'Rita', 'Skeeter'], actions:['pay'], with a ['sir', 'elf', 'master', 'professor', 'bagman'], at ['Kitchen'], supporting: ['Fred', 'Potter', 'Neville', 'Karkaroff', 'Dumbledore']"
75,Harry Potter and the Goblet of Fire,22,The Unexpected Task,Harry and Cho dance with a ball at  with Fred,"people: ['Harry', 'Cho', 'Hermione', 'Mcgonagall', 'parvati', 'Cedric', 'Ginny', 'Hagrid'], actions:['dance'], with a ['ball', 'girl', 'champion', 'professor', 'christmas'], at [], supporting: ['Fred', 'angelina', 'Neville', 'Lavender', 'George', 'Potter']"
76,Harry Potter and the Goblet of Fire,23,The Yule Ball,Harry and Ron  with a dance at  with Moody,"people: ['Harry', 'Ron', 'parvati', 'Hermione', 'Krum', 'Fleur', 'Karkaroff'], actions:[], with a ['dance', 'robe', 'hall', 'sir', 'table'], at [], supporting: ['Moody', 'Percy', 'Malfoy', 'Seamus', 'Crouch']"
77,Harry Potter and the Goblet of Fire,24,Rita Skeeters Scoop,Harry and Hagrid help with a goblin at Cabin with Dumbledore,"people: ['Harry', 'Hagrid', 'Hermione', 'Ron', 'Skeeter', 'Rita'], actions:['help'], with a ['goblin', 'egg', 'care', 'giant', 'professor'], at ['Cabin'], supporting: ['Dumbledore', 'Cedric', 'Malfoy', 'Crouch']"
78,Harry Potter and the Goblet of Fire,25,The Egg and the Eye,Harry and Myrtle step with a map at Office with Potter,"people: ['Harry', 'Myrtle', 'Filch', 'Snape'], actions:['step'], with a ['map', 'egg', 'peeve', 'bathroom', 'stair'], at ['Office'], supporting: ['Potter', 'Cedric']"
79,Harry Potter and the Goblet of Fire,26,The Second Task,Harry and Hermione  with a water at  with Potter,"people: ['Harry', 'Hermione', 'Ron', 'sir', 'Snape', 'Moody'], actions:[], with a ['water', 'lake', 'task', 'champion', 'library'], at [], supporting: ['Potter', 'Sirius', 'Fleur', 'Myrtle']"
80,Harry Potter and the Goblet of Fire,27,Padfoot Returns,Harry and Snape dungeon with a buckbeak at Hogsmeade with Potter,"people: ['Harry', 'Snape', 'Crouch', 'Karkaroff', 'Hermione', 'Ron'], actions:['dungeon'], with a ['buckbeak', 'son', 'potion', 'elf', 'winky'], at ['Hogsmeade', 'Office'], supporting: ['Potter', 'Rita', 'Granger', 'Skeeter']"
81,Harry Potter and the Goblet of Fire,28,The Madness of Mr Crouch,Harry and Krum  with a elf at  with Cedric,"people: ['Harry', 'Krum', 'Hermione', 'Crouch', 'Ron', 'Dobby', 'Hagrid', 'Rita'], actions:[], with a ['elf', 'bagman', 'owl', 'master', 'task'], at [], supporting: ['Cedric', 'Percy', 'Maxime', 'Potter', 'Dumbledore', 'Fleur']"
82,Harry Potter and the Goblet of Fire,29,The Dream,Harry and Ron  with a trelawney at Classroom with Krum,"people: ['Harry', 'Ron', 'Hermione', 'Crouch', 'wormtail', 'Dumbledore'], actions:[], with a ['trelawney', 'professor', 'owl', 'task', 'attack'], at ['Classroom', 'Forest'], supporting: ['Krum', 'Sirius', 'George', 'Potter']"
83,Harry Potter and the Goblet of Fire,30,The Pensieve,Harry and Karkaroff thought with a bagman at Dungeon with Albus,"people: ['Harry', 'Karkaroff', 'Dumbledore', 'Fudge'], actions:['thought'], with a ['bagman', 'dementor', 'witch', 'chair', 'room'], at ['Dungeon', 'Office'], supporting: ['Albus', 'Snape']"
84,Harry Potter and the Goblet of Fire,31,The Third Task,Harry and Hermione  with a bagman at Chamber with Potter,"people: ['Harry', 'Hermione', 'Cedric', 'Ron', 'Fleur', 'Weasley', 'Skeeter', 'Rita'], actions:[], with a ['bagman', 'champion', 'tournament', 'spell', 'path'], at ['Chamber'], supporting: ['Potter', 'Crouch', 'Diggory', 'Krum', 'Fudge', 'Malfoy']"
85,Harry Potter and the Goblet of Fire,32,"Flesh, Blood, and Bone",Harry and Cedric pull with a cauldron at  with Cedric,"people: ['Harry', 'Cedric'], actions:['pull'], with a ['cauldron', 'ground', 'surface', 'robe', 'wand'], at [], supporting: ['Cedric']"
86,Harry Potter and the Goblet of Fire,33,The Death Eaters,Harry and Voldemort return with a death at  with Dumbledore,"people: ['Harry', 'Voldemort', 'Lord'], actions:['return', 'raise'], with a ['death', 'circle', 'master', 'body', 'eater'], at [], supporting: ['Dumbledore']"
87,Harry Potter and the Goblet of Fire,34,Priori Incantatem,Harry and Cedric wand with a death at  with Cedric,"people: ['Harry', 'Cedric'], actions:['wand', 'scream', 'echo'], with a ['death', 'light', 'wormtail', 'circle', 'pain'], at [], supporting: ['Cedric']"
88,Harry Potter and the Goblet of Fire,35,Veritaserum,Harry and Dumbledore winky with a father at Office with Snape,"people: ['Harry', 'Dumbledore', 'Cedric', 'Crouch', 'Lord', 'Potter'], actions:['winky', 'need'], with a ['father', 'master', 'wormtail', 'potion', 'trunk'], at ['Office'], supporting: ['Snape', 'Diggory', 'Mcgonagall', 'Karkaroff']"
89,Harry Potter and the Goblet of Fire,36,The Parting of the Ways,Harry and Fudge wand with a pomfrey at Office with Snape,"people: ['Harry', 'Fudge', 'Voldemort', 'Sirius', 'Crouch', 'Cedric'], actions:['wand'], with a ['pomfrey', 'bed', 'madam', 'return', 'dementor'], at ['Office'], supporting: ['Snape', 'Weasley', 'Lord', 'Severus']"
90,Harry Potter and the Goblet of Fire,37,The Beginning,Harry and Hermione  with a madame at  with Goyle,"people: ['Harry', 'Hermione', 'Ron', 'Dumbledore', 'Diggory', 'Krum', 'Hagrid', 'George', 'Maxime', 'Fred'], actions:[], with a ['madame', 'compartment', 'hall', 'bagman', 'win'], at [], supporting: ['Goyle', 'Voldemort', 'Crabbe', 'Fleur', 'Lord', 'Malfoy', 'Rita', 'Karkaroff']"
91,Harry Potter and the Half Blood Prince,1,The Other Minister,Harry and Fudge  with a minister at Office with Fudge,"people: ['Harry', 'Fudge'], actions:[], with a ['minister', 'scrimgeour', 'murder', 'fireplace', 'man'], at ['Office'], supporting: ['Fudge']"
92,Harry Potter and the Half Blood Prince,2,Spinners End,Harry and Snape order with a sister at  with Dumbledore,"people: ['Harry', 'Snape', 'Lord', 'Severus'], actions:['order', 'attempt'], with a ['sister', 'trust', 'son', 'glass', 'return'], at [], supporting: ['Dumbledore', 'Lucius']"
93,Harry Potter and the Half Blood Prince,3,Will and Wont,Harry and Vernon page with a uncle at  with Bellatrix,"people: ['Harry', 'Vernon', 'Petunia', 'Dudley'], actions:['page'], with a ['uncle', 'aunt', 'glass', 'house', 'trunk'], at [], supporting: ['Bellatrix', 'Dursley']"
94,Harry Potter and the Half Blood Prince,4,Horace Slughorn,Harry and Dumbledore  with a death at Hogwarts with Albus,"people: ['Harry', 'Dumbledore', 'Sirius'], actions:[], with a ['death', 'wand', 'house', 'sir', 'room'], at ['Hogwarts'], supporting: ['Albus']"
95,Harry Potter and the Half Blood Prince,5,An Excess of Phlegm,Harry and Hermione slughorn with a tonk at Kitchen with Arthur,"people: ['Harry', 'Hermione', 'Ron', 'Fleur', 'Ginny'], actions:['slughorn'], with a ['tonk', 'mum', 'prophecy', 'door', 'breakfast'], at ['Kitchen'], supporting: ['Arthur', 'George', 'Fred']"
96,Harry Potter and the Half Blood Prince,6,Dracos Detour,Harry and Weasley  with a madam at  with George,"people: ['Harry', 'Weasley', 'Ron', 'Malfoy', 'Fred', 'Hermione'], actions:[], with a ['madam', 'alley', 'box', 'street', 'window'], at [], supporting: ['George', 'Hagrid', 'Fleur', 'Draco']"
97,Harry Potter and the Half Blood Prince,7,The Slug Club,Harry and Neville choose with a compartment at  with Ron,"people: ['Harry', 'Neville', 'Malfoy', 'Weasley', 'Ginny'], actions:['choose'], with a ['compartment', 'seat', 'prophecy', 'girl', 'year'], at [], supporting: ['Ron', 'Hermione', 'Fleur']"
98,Harry Potter and the Half Blood Prince,8,Snape Victorious,Harry and Ron tonk with a train at Gryffindor with Malfoy,"people: ['Harry', 'Ron', 'Dumbledore', 'Hermione', 'Hagrid'], actions:['tonk'], with a ['train', 'staff', 'cloak', 'hall', 'table'], at ['Gryffindor'], supporting: ['Malfoy', 'Sirius', 'Potter']"
99,Harry Potter and the Half Blood Prince,9,The Half-Blood Prince,Harry and Hermione  with a potion at  with Mcgonagall,"people: ['Harry', 'Hermione', 'Snape', 'Ron', 'Malfoy'], actions:[], with a ['potion', 'cauldron', 'professor', 'class', 'sir'], at [], supporting: ['Mcgonagall', 'Granger', 'Neville']"
100,Harry Potter and the Half Blood Prince,10,The House of Gaunt,Harry and prince wand with a son at  with Riddle,"people: ['Harry', 'prince', 'Tom'], actions:['wand'], with a ['son', 'man', 'girl', 'village', 'point'], at [], supporting: ['Riddle']"
101,Harry Potter and the Half Blood Prince,11,Hermiones Helping Hand,Harry and Ron slughorn with a team at  with Ron,"people: ['Harry', 'Ron'], actions:['slughorn'], with a ['team', 'pitch', 'copy', 'table', 'goal'], at [], supporting: ['Ron', 'Hagrid']"
102,Harry Potter and the Half Blood Prince,12,Silver and Opals,Harry and Hermione slughorn with a mundungus at  with Malfoy,"people: ['Harry', 'Hermione', 'Ron', 'Mcgonagall', 'hogsmeade'], actions:['slughorn', 'Filch'], with a ['mundungus', 'professor', 'prince', 'shop', 'spell'], at [], supporting: ['Malfoy', 'Dumbledore', 'Hagrid']"
103,Harry Potter and the Half Blood Prince,13,The Secret Riddle,Harry and Dumbledore believe with a sir at Hogwarts with Lord,"people: ['Harry', 'Dumbledore', 'Tom', 'katie'], actions:['believe', 'wand'], with a ['sir', 'school', 'professor', 'box', 'wizard'], at ['Hogwarts'], supporting: ['Lord', 'Voldemort']"
104,Harry Potter and the Half Blood Prince,14,Felix Felicis,Harry and Ginny play with a team at Gryffindor with katie,"people: ['Harry', 'Ginny', 'Hermione', 'Seamus'], actions:['play'], with a ['team', 'dean', 'goal', 'party', 'kiss'], at ['Gryffindor', 'Slytherin'], supporting: ['katie', 'Malfoy']"
105,Harry Potter and the Half Blood Prince,15,The Unbreakable Vow,Harry and Luna Filch with a party at Office with Snape,"people: ['Harry', 'Luna', 'Hermione', 'Ron', 'parvati'], actions:['Filch'], with a ['party', 'potion', 'trelawney', 'girl', 'Lavender'], at ['Office'], supporting: ['Snape', 'Draco', 'Severus']"
106,Harry Potter and the Half Blood Prince,16,A Very Frosty Christmas,Harry and Lupin help with a prince at  with Dumbledore,"people: ['Harry', 'Lupin', 'Weasley', 'Ron', 'Fleur', 'Fred', 'Percy', 'George', 'Snape'], actions:['help'], with a ['prince', 'greyback', 'christmas', 'werewolf'], at [], supporting: ['Dumbledore', 'Severus', 'Malfoy', 'Ginny', 'Arthur', 'stan', 'James']"
107,Harry Potter and the Half Blood Prince,17,A Sluggish Memory,Harry and Dumbledore slughorn with a memory at Office with Malfoy,"people: ['Harry', 'Dumbledore', 'Ron', 'Voldemort', 'Hermione', 'Tom'], actions:['slughorn'], with a ['memory', 'ministry', 'year', 'sir', 'christmas'], at ['Office'], supporting: ['Malfoy', 'Lavender', 'Ginny', 'Snape']"
108,Harry Potter and the Half Blood Prince,18,Birthday Surprises,Harry and Ron map with a cauldron at Dungeon with Crabbe,"people: ['Harry', 'Ron', 'Malfoy', 'Hermione'], actions:['map'], with a ['cauldron', 'potion', 'ernie', 'prince', 'lesson'], at ['Dungeon'], supporting: ['Crabbe', 'Goyle']"
109,Harry Potter and the Half Blood Prince,19,Elf Tails,Harry and Hagrid slughorn with a pomfrey at Hufflepuff with Hermione,"people: ['Harry', 'Hagrid', 'Ginny', 'Malfoy', 'Dumbledore', 'Luna', 'Snape'], actions:['slughorn'], with a ['pomfrey', 'Lavender', 'madam', 'quidditch', 'team'], at ['Hufflepuff', 'Office'], supporting: ['Hermione', 'don', 'Filch', 'George', 'bin']"
110,Harry Potter and the Half Blood Prince,20,Lord Voldemorts Request,Harry and Dumbledore  with a memory at Hogwarts with Ron,"people: ['Harry', 'Dumbledore', 'Tom', 'Riddle', 'cup'], actions:[], with a ['memory', 'elf', 'locket', 'professor', 'sir'], at ['Hogwarts'], supporting: ['Ron', 'Hermione', 'Luna']"
111,Harry Potter and the Half Blood Prince,21,The Unknowable Room,Harry and Dobby slughorn with a room at  with Goyle,"people: ['Harry', 'Dobby', 'Ron', 'Malfoy', 'Snape'], actions:['slughorn'], with a ['room', 'tonk', 'test', 'ghost', 'prince'], at [], supporting: ['Goyle', 'Potter', 'Crabbe']"
112,Harry Potter and the Half Blood Prince,22,After the Burial,Harry and Hagrid meet with a bottle at Forest with Malfoy,"people: ['Harry', 'Hagrid', 'Hermione'], actions:['meet'], with a ['bottle', 'memory', 'spider', 'potion', 'professor'], at ['Forest', 'Castle'], supporting: ['Malfoy']"
113,Harry Potter and the Half Blood Prince,23,Horcruxes,Harry and Voldemort destroy with a horcrux at  with Tom,"people: ['Harry', 'Voldemort', 'Riddle', 'Dumbledore', 'sir'], actions:['destroy'], with a ['horcrux', 'diary', 'prophecy', 'object', 'kill'], at [], supporting: ['Tom', 'Lucius', 'Lord']"
114,Harry Potter and the Half Blood Prince,24,Sectumsempra,Harry and Ron hide with a bathroom at Ravenclaw with Myrtle,"people: ['Harry', 'Ron', 'Hermione', 'Malfoy', 'Ginny'], actions:['hide'], with a ['bathroom', 'book', 'prince', 'potion', 'dean'], at ['Ravenclaw'], supporting: ['Myrtle', 'katie', 'Potter']"
115,Harry Potter and the Half Blood Prince,25,The Seer Overheard,Harry and Dumbledore listen with a prince at  with Ron,"people: ['Harry', 'Dumbledore', 'Snape', 'Hermione', 'Ginny'], actions:['listen', 'moment'], with a ['prince', 'professor', 'prophecy', 'room', 'bottle'], at [], supporting: ['Ron', 'Voldemort', 'Malfoy']"
116,Harry Potter and the Half Blood Prince,26,The Cave,Harry and Voldemort  with a water at  with Voldemort,"people: ['Harry', 'Voldemort'], actions:[], with a ['water', 'goblet', 'rock', 'drink', 'potion'], at [], supporting: ['Voldemort', 'Lord']"
117,Harry Potter and the Half Blood Prince,27,The Lightning Struck Tower,Harry and Malfoy fight with a death at Castle with Severus,"people: ['Harry', 'Malfoy', 'Draco'], actions:['fight', 'help'], with a ['death', 'mark', 'greyback', 'broom', 'wand'], at ['Castle'], supporting: ['Severus']"
118,Harry Potter and the Half Blood Prince,28,Flight of the Prince,Harry and Hagrid curse with a death at  with fang,"people: ['Harry', 'Hagrid', 'Dumbledore'], actions:['curse', 'hit'], with a ['death', 'eater', 'ground', 'pain', 'sprint'], at [], supporting: ['fang']"
119,Harry Potter and the Half Blood Prince,29,The Phoenix Lament,Harry and Snape happen with a death at  with Weasley,"people: ['Harry', 'Snape', 'Lupin', 'Mcgonagall', 'Dumbledore', 'Ginny', 'Ron', 'Fleur'], actions:['happen', 'run'], with a ['death', 'tonk', 'greyback', 'flitwick', 'pomfrey'], at [], supporting: ['Weasley', 'Hagrid', 'Hermione', 'Neville', 'Malfoy', 'Luna']"
120,Harry Potter and the Half Blood Prince,30,The White Tomb,Harry and Dumbledore die with a prince at  with Voldemort,"people: ['Harry', 'Dumbledore', 'Hermione', 'Ginny', 'Ron', 'Snape'], actions:['die'], with a ['prince', 'locket', 'body', 'lake', 'chair'], at [], supporting: ['Voldemort', 'Hagrid', 'Malfoy', 'Fleur']"
121,Harry Potter and the Order of the Phoenix,1,Dudley Demented,Harry and Vernon shut with a uncle at Privet with Sirius,"people: ['Harry', 'Vernon', 'Petunia', 'Cedric'], actions:['shut', 'snarl'], with a ['uncle', 'aunt', 'news', 'street', 'dementor'], at ['Privet'], supporting: ['Sirius', 'Hermione']"
122,Harry Potter and the Order of the Phoenix,2,A Peck of Owls,Harry and Dudley hang with a uncle at Kitchen with Lord,"people: ['Harry', 'Dudley', 'Petunia', 'Dumbledore'], actions:['hang', 'destroy'], with a ['uncle', 'aunt', 'dementor', 'owl', 'mundungus'], at ['Kitchen'], supporting: ['Lord', 'Sirius']"
123,Harry Potter and the Order of the Phoenix,3,The Advance Guard,Harry and Moody wand with a trunk at Kitchen with Vernon,"people: ['Harry', 'Moody', 'Lupin', 'Hedwig'], actions:['wand'], with a ['trunk', 'bedroom', 'uncle', 'kingsley', 'cage'], at ['Kitchen', 'Privet'], supporting: ['Vernon', 'Sirius']"
124,Harry Potter and the Order of the Phoenix,4,"Number Twelve, Grimmauld Place",Harry and Hermione order with a dad at  with Weasley,"people: ['Harry', 'Hermione', 'Percy', 'Fred', 'Dumbledore', 'George', 'Hedwig'], actions:['order'], with a ['dad', 'meeting', 'door', 'mum', 'hall'], at [], supporting: ['Weasley', 'Ginny', 'Lupin', 'Fudge', 'Moody']"
125,Harry Potter and the Order of the Phoenix,5,The Order of the Phoenix,Harry and Weasley smoke with a mundungus at Kitchen with Ginny,"people: ['Harry', 'Weasley', 'Lupin', 'Dumbledore', 'Fred', 'George'], actions:['smoke'], with a ['mundungus', 'table', 'tonk', 'order', 'ministry'], at ['Kitchen'], supporting: ['Ginny', 'Fudge', 'Ron', 'Hermione']"
126,Harry Potter and the Order of the Phoenix,6,The Noble and Most Ancient House of Black,Harry and Sirius throw with a elf at  with Hermione,"people: ['Harry', 'Sirius', 'George', 'Fred', 'Weasley', 'Ron'], actions:['throw'], with a ['elf', 'house', 'blood', 'room', 'mother'], at [], supporting: ['Hermione', 'Bellatrix', 'Dumbledore', 'Voldemort']"
127,Harry Potter and the Order of the Phoenix,7,The Ministry of Magic,Harry and Sirius lift with a wizard at Office with Sirius,"people: ['Harry', 'Sirius'], actions:['lift', 'tonk'], with a ['wizard', 'kingsley', 'door', 'box', 'witch'], at ['Office'], supporting: ['Sirius', 'Arthur']"
128,Harry Potter and the Order of the Phoenix,8,The Hearing,Harry and Dumbledore fall with a dementor at  with Dumbledore,"people: ['Harry', 'Dumbledore'], actions:['fall'], with a ['dementor', 'madam', 'patronus', 'witch', 'ministry'], at [], supporting: ['Dumbledore', 'Percy']"
129,Harry Potter and the Order of the Phoenix,9,The Woes of Mrs Weasley,Harry and Weasley  with a prefect at  with Dumbledore,"people: ['Harry', 'Weasley', 'Fred', 'George', 'Hermione', 'Fudge', 'Malfoy', 'Lucius'], actions:[], with a ['prefect', 'badge', 'mum', 'trunk', 'room'], at [], supporting: ['Dumbledore', 'Sirius', 'Moody', 'Percy', 'Ginny', 'Hedwig']"
130,Harry Potter and the Order of the Phoenix,10,Luna Lovegood,Harry and Neville stare with a compartment at  with Malfoy,"people: ['Harry', 'Neville', 'Ron', 'Ginny', 'Hermione', 'Sirius', 'Weasley'], actions:['stare'], with a ['compartment', 'platform', 'train', 'dog', 'trunk'], at [], supporting: ['Malfoy', 'Fudge', 'Hedwig', 'Goyle', 'Lupin']"
131,Harry Potter and the Order of the Phoenix,11,The Sorting Hat's New Song,Harry and Seamus ghost with a table at Gryffindor with Luna,"people: ['Harry', 'Seamus', 'nick', 'Umbridge', 'Hermione', 'Dumbledore'], actions:['ghost'], with a ['table', 'professor', 'staff', 'hat', 'student'], at ['Gryffindor', 'Ravenclaw'], supporting: ['Luna', 'Neville', 'Mcgonagall', 'hogwarts']"
132,Harry Potter and the Order of the Phoenix,12,Professor Umbridge,Harry and Hermione  with a dream at Classroom with Cho,"people: ['Harry', 'Hermione', 'Snape', 'George', 'Fred', 'Umbridge'], actions:[], with a ['dream', 'owl', 'professor', 'class', 'potion'], at ['Classroom', 'Dungeon'], supporting: ['Cho', 'Seamus', 'Cedric', 'Neville']"
133,Harry Potter and the Order of the Phoenix,13,Detention with Dolores,Harry and Umbridge cut with a professor at  with Luna,"people: ['Harry', 'Umbridge', 'Ron', 'Hagrid', 'Fred'], actions:['cut'], with a ['professor', 'quill', 'parchment', 'homework', 'detention'], at [], supporting: ['Luna', 'George', 'angelina']"
134,Harry Potter and the Order of the Phoenix,14,Percy and Padfoot,Harry and angelina  with a owl at Gryffindor with George,"people: ['Harry', 'angelina', 'Cho', 'Hermione', 'katie'], actions:[], with a ['owl', 'letter', 'quidditch', 'pitch', 'room'], at ['Gryffindor'], supporting: ['George', 'Filch', 'Umbridge']"
135,Harry Potter and the Order of the Phoenix,15,The Hogwarts High Inquisitor,Harry and Hermione wait with a professor at Hogwarts with Fudge,"people: ['Harry', 'Hermione', 'Mcgonagall', 'Ron', 'George'], actions:['wait'], with a ['professor', 'trelawney', 'class', 'dream', 'note'], at ['Hogwarts'], supporting: ['Fudge', 'Snape', 'Dumbledore']"
136,Harry Potter and the Order of the Phoenix,16,In the Hog's Head,Harry and Ron learn with a group at Hogsmeade with Sirius,"people: ['Harry', 'Ron', 'Cho', 'ernie', 'Umbridge', 'Luna', 'Fred'], actions:['learn', 'meet'], with a ['group', 'bar', 'year', 'idea'], at ['Hogsmeade'], supporting: ['Sirius', 'lee', 'Neville', 'Diggory', 'Dumbledore']"
137,Harry Potter and the Order of the Phoenix,17,Educational Decree Number Twenty-four,Harry and Ron read with a professor at Dungeon with Mcgonagall,"people: ['Harry', 'Ron', 'Hedwig', 'Hermione', 'Snape', 'Neville'], actions:['read'], with a ['professor', 'trelawney', 'team', 'class', 'potion'], at ['Dungeon', 'Gryffindor'], supporting: ['Mcgonagall', 'parvati', 'George', 'Fred']"
138,Harry Potter and the Order of the Phoenix,18,Dumbledore's Army,Harry and Hermione team with a sir at  with Dumbledore,"people: ['Harry', 'Hermione', 'Ron', 'Umbridge', 'angelina', 'Fred'], actions:['team'], with a ['sir', 'rain', 'elf', 'room', 'winky'], at [], supporting: ['Dumbledore', 'katie', 'Potter', 'Cho']"
139,Harry Potter and the Order of the Phoenix,19,The Lion and the Serpent,Harry and angelina save with a pitch at Slytherin with Hermione,"people: ['Harry', 'angelina', 'Ron', 'Malfoy', 'Weasley', 'katie', 'George', 'Umbridge'], actions:['save'], with a ['pitch', 'snitch', 'bludger', 'broom', 'meeting'], at ['Slytherin', 'Gryffindor'], supporting: ['Hermione', 'Crabbe', 'Mcgonagall', 'Fred', 'bin', 'Luna']"
140,Harry Potter and the Order of the Phoenix,20,Hagrids Tale,Harry and pron don with a giant at Cabin with Hermione,"people: ['Harry', 'pron', 'Ron', 'Umbridge'], actions:['don'], with a ['giant', 'bin', 'dragon', 'cloak', 'snow'], at ['Cabin'], supporting: ['Hermione', 'Dumbledore']"
141,Harry Potter and the Order of the Phoenix,21,The Eye of the Snake,Harry and Umbridge  with a class at Forest with Malfoy,"people: ['Harry', 'Umbridge', 'Ron', 'Hermione', 'Cho', 'christmas'], actions:[], with a ['class', 'snow', 'tree', 'holiday', 'half'], at ['Forest'], supporting: ['Malfoy', 'Cedric', 'angelina', 'Luna']"
142,Harry Potter and the Order of the Phoenix,22,St Mungo's Hospital for Magical Maladies and Injuries,Harry and Sirius attack with a professor at  with Arthur,"people: ['Harry', 'Sirius', 'Mcgonagall', 'Weasley', 'Fred'], actions:['attack'], with a ['professor', 'snake', 'smoke', 'sleep', 'wizard'], at [], supporting: ['Arthur', 'George', 'Ginny']"
143,Harry Potter and the Order of the Phoenix,23,Christmas on the Closed Ward,Harry and Ron stay with a kreacher at Hogwarts with Dumbledore,"people: ['Harry', 'Ron', 'Weasley', 'Sirius', 'Hermione', 'Ginny'], actions:['stay'], with a ['kreacher', 'bed', 'snake', 'mundungus', 'lockhart'], at ['Hogwarts'], supporting: ['Dumbledore', 'Fred', 'George', 'Arthur']"
144,Harry Potter and the Order of the Phoenix,24,Occlumency,Harry and Sirius  with a chair at Kitchen with Cho,"people: ['Harry', 'Sirius', 'Weasley', 'stan', 'Lord', 'Potter'], actions:[], with a ['chair', 'tonk', 'wand', 'sir', 'mind'], at ['Kitchen'], supporting: ['Cho', 'Hermione', 'Dumbledore', 'Lupin']"
145,Harry Potter and the Order of the Phoenix,25,The Beetle at Bay,Harry and Hermione pass with a death at  with Hagrid,"people: ['Harry', 'Hermione', 'Ron', 'Umbridge', 'Bellatrix'], actions:['pass'], with a ['death', 'azkaban', 'table', 'picture', 'escape'], at [], supporting: ['Hagrid', 'Snape', 'hogsmeade']"
146,Harry Potter and the Order of the Phoenix,26,Seen and Unforeseen,Harry and Hermione copy with a letter at  with Seamus,"people: ['Harry', 'Hermione', 'Umbridge', 'Fred', 'Ginny', 'Cho', 'gryffindor'], actions:['copy'], with a ['letter', 'owl', 'bed', 'table', 'scar'], at [], supporting: ['Seamus', 'George', 'Luna', 'Lord', 'Neville']"
147,Harry Potter and the Order of the Phoenix,27,The Centaur and the Sneak,Harry and Dobby attempt with a centaur at Classroom with Hagrid,"people: ['Harry', 'Dobby', 'Fudge', 'parvati', 'Potter'], actions:['attempt'], with a ['centaur', 'elf', 'professor', 'trelawney', 'minister'], at ['Classroom', 'Forest'], supporting: ['Hagrid', 'Hermione', 'Ron']"
148,Harry Potter and the Order of the Phoenix,28,Snapes Worst Memory,Harry and Snape escape with a desk at Office with ernie,"people: ['Harry', 'Snape', 'Filch', 'Cho', 'Hermione', 'George', 'Fred', 'Potter'], actions:['escape'], with a ['desk', 'professor', 'door', 'room', 'bang'], at ['Office', 'Gryffindor'], supporting: ['ernie', 'James', 'Ron', 'Dumbledore', 'Granger', 'flitwick']"
149,Harry Potter and the Order of the Phoenix,29,Career Advice,Harry and Mcgonagall  with a professor at Office with Ginny,"people: ['Harry', 'Mcgonagall', 'Hermione', 'Sirius', 'James', 'Ron'], actions:[], with a ['professor', 'father', 'holiday', 'exam', 'talk'], at ['Office'], supporting: ['Ginny', 'Snape', 'Fred', 'George']"
150,Harry Potter and the Order of the Phoenix,30,Grawp,Harry and Hermione Filch with a bit at Forest with George,"people: ['Harry', 'Hermione', 'Umbridge', 'Ron'], actions:['Filch', 'match'], with a ['bit', 'row', 'tree', 'student', 'course'], at ['Forest'], supporting: ['George', 'yeh']"
151,Harry Potter and the Order of the Phoenix,31,O.W.L.S,Harry and Hermione  with a exam at Cabin with Mcgonagall,"people: ['Harry', 'Hermione', 'Umbridge', 'Hagrid'], actions:[], with a ['exam', 'professor', 'hall', 'owl', 'paper'], at ['Cabin'], supporting: ['Mcgonagall', 'Malfoy']"
152,Harry Potter and the Order of the Phoenix,32,Out of the Fire,Harry and Hermione save with a kreacher at Office with Ron,"people: ['Harry', 'Hermione', 'Sirius', 'Luna', 'Ginny', 'Snape'], actions:['save'], with a ['kreacher', 'department', 'corridor', 'professor', 'wand'], at ['Office'], supporting: ['Ron', 'Voldemort', 'Potter', 'Malfoy']"
153,Harry Potter and the Order of the Phoenix,33,Fight and Flight,Harry and Umbridge wand with a tree at Forest with Neville,"people: ['Harry', 'Umbridge', 'Hermione', 'Luna', 'Ginny'], actions:['wand'], with a ['tree', 'human', 'giant', 'fly', 'shout'], at ['Forest'], supporting: ['Neville', 'Sirius', 'Hagrid']"
154,Harry Potter and the Order of the Phoenix,34,The Department of Mysteries,Harry and Hermione  with a slide at  with Neville,"people: ['Harry', 'Hermione', 'Luna', 'Ron'], actions:[], with a ['slide', 'row', 'room', 'light', 'dream'], at [], supporting: ['Neville', 'Ginny']"
155,Harry Potter and the Order of the Phoenix,35,Beyond the Veil,Harry and Neville wand with a death at  with Ginny,"people: ['Harry', 'Neville', 'Hermione', 'Bellatrix', 'Luna', 'Ron'], actions:['wand', 'hit'], with a ['death', 'eater', 'door', 'glass', 'desk'], at [], supporting: ['Ginny', 'Potter', 'Lord', 'Lucius']"
156,Harry Potter and the Order of the Phoenix,36,The Only One He Ever Feared,Harry and Voldemort shout with a statue at  with Sirius,"people: ['Harry', 'Voldemort', 'Bellatrix', 'Fudge', 'Lupin'], actions:['shout'], with a ['statue', 'pain', 'floor', 'centaur', 'prophecy'], at [], supporting: ['Sirius', 'Neville', 'Potter']"
157,Harry Potter and the Order of the Phoenix,37,The Lost Prophecy,Harry and Dumbledore don with a portrait at Office with Umbridge,"people: ['Harry', 'Dumbledore', 'Voldemort'], actions:['don', 'stare'], with a ['portrait', 'professor', 'department', 'order', 'care'], at ['Office'], supporting: ['Umbridge']"
158,Harry Potter and the Order of the Phoenix,38,The Second War Begins,Harry and Luna talk with a mirror at  with Snape,"people: ['Harry', 'Luna', 'Sirius', 'Hagrid', 'Hermione', 'Malfoy', 'Umbridge', 'Ginny'], actions:['talk', 'return'], with a ['mirror', 'feast', 'professor', 'door'], at [], supporting: ['Snape', 'Ron', 'Mcgonagall', 'Potter', 'Goyle', 'Crabbe']"
159,Harry Potter and the Philosophers Stone,1,The Boy Who Lived,Harry and Mcgonagall  with a cat at  with Hagrid,"people: ['Harry', 'Mcgonagall', 'Dumbledore', 'Dudley'], actions:[], with a ['cat', 'professor', 'street', 'owl', 'cloak'], at [], supporting: ['Hagrid', 'Potter']"
160,Harry Potter and the Philosophers Stone,2,The Vanishing Glass,Harry and Petunia remember with a aunt at Kitchen with Dursley,"people: ['Harry', 'Petunia', 'Vernon'], actions:['remember'], with a ['aunt', 'uncle', 'snake', 'cupboard', 'car'], at ['Kitchen'], supporting: ['Dursley']"
161,Harry Potter and the Philosophers Stone,3,The Letters from No One,Harry and Dudley dursleys with a uncle at Kitchen with Dudley,"people: ['Harry', 'Dudley'], actions:['dursleys'], with a ['uncle', 'letter', 'aunt', 'cupboard', 'drive'], at ['Kitchen', 'Privet'], supporting: ['Dudley', 'Petunia']"
162,Harry Potter and the Philosophers Stone,4,The Keeper of Keys,Harry and Vernon kill with a uncle at Hogwarts with Dumbledore,"people: ['Harry', 'Vernon', 'Dudley', 'don', 'Dursley'], actions:['kill'], with a ['uncle', 'giant', 'wizard', 'pron', 'world'], at ['Hogwarts'], supporting: ['Dumbledore', 'Petunia', 'Potter']"
163,Harry Potter and the Philosophers Stone,5,Diagon Alley,Harry and Quirrell buy with a griphook at Hufflepuff with Dudley,"people: ['Harry', 'Quirrell', 'Potter'], actions:['buy'], with a ['griphook', 'shop', 'goblin', 'owl', 'cauldron'], at ['Hufflepuff'], supporting: ['Dudley']"
164,Harry Potter and the Philosophers Stone,6,The Journey from Platform Nine and Three-Quarters,Harry and Vernon  with a platform at Hogwarts with Hedwig,"people: ['Harry', 'Vernon', 'Percy', 'George', 'Fred'], actions:[], with a ['platform', 'train', 'boy', 'compartment', 'uncle'], at ['Hogwarts'], supporting: ['Hedwig', 'Dudley', 'Malfoy']"
165,Harry Potter and the Philosophers Stone,7,The Sorting Hat,Harry and Percy ghost with a professor at Slytherin with Neville,"people: ['Harry', 'Percy', 'Mcgonagall', 'Quirrell'], actions:['ghost', 'clap'], with a ['professor', 'house', 'table', 'hall', 'year'], at ['Slytherin', 'Gryffindor', 'Hufflepuff'], supporting: ['Neville', 'Dumbledore']"
166,Harry Potter and the Philosophers Stone,8,The Potions Master,Harry and Snape learn with a class at Dungeon with Potter,"people: ['Harry', 'Snape', 'Ron', 'Filch', 'Quirrell', 'Hermione', 'Seamus'], actions:['learn'], with a ['class', 'lesson', 'potion', 'professor', 'rock'], at ['Dungeon'], supporting: ['Potter', 'Mcgonagall', 'flitwick', 'Hedwig', 'Neville']"
167,Harry Potter and the Philosophers Stone,9,The Midnight Duel,Harry and Neville Filch with a peeve at Wood with Crabbe,"people: ['Harry', 'Neville', 'Ron', 'Mcgonagall', 'Hermione'], actions:['Filch'], with a ['peeve', 'broom', 'professor', 'ground', 'madam'], at ['Wood', 'Gryffindor'], supporting: ['Crabbe', 'Goyle', 'Granger']"
168,Harry Potter and the Philosophers Stone,10,Hallowe'en,Harry and Ron knock with a quaffle at Wood with Quirrell,"people: ['Harry', 'Ron', 'Hermione', 'Granger', 'Mcgonagall', 'Malfoy'], actions:['knock', 'catch'], with a ['quaffle', 'professor', 'ball', 'broomstick', 'team'], at ['Wood'], supporting: ['Quirrell', 'Snape', 'Neville', 'Percy']"
169,Harry Potter and the Philosophers Stone,11,Quidditch,Harry and gryffindor  with a broom at Wood with lee,"people: ['Harry', 'gryffindor', 'Hagrid', 'Hermione', 'Ron'], actions:[], with a ['broom', 'bludger', 'quidditch', 'snitch', 'field'], at ['Wood', 'Slytherin'], supporting: ['lee', 'angelina', 'Seamus']"
170,Harry Potter and the Philosophers Stone,12,The Mirror of Erised,Harry and Ron Filch with a christmas at  with Dumbledore,"people: ['Harry', 'Ron', 'Hagrid', 'Snape', 'Malfoy', 'Percy'], actions:['Filch'], with a ['christmas', 'cloak', 'library', 'book', 'family'], at [], supporting: ['Dumbledore', 'Hermione', 'George', 'Fred']"
171,Harry Potter and the Philosophers Stone,13,Nicholas Flamel,Harry and Ron read with a stone at Gryffindor with Dumbledore,"people: ['Harry', 'Ron', 'Hermione', 'Neville', 'Quirrell', 'Malfoy'], actions:['read'], with a ['stone', 'team', 'game', 'win', 'match'], at ['Gryffindor', 'Wood'], supporting: ['Dumbledore', 'Weasley', 'Goyle', 'Crabbe']"
172,Harry Potter and the Philosophers Stone,14,Norbert the Norwegian Ridgeback,Harry and Hermione dragon with a egg at  with Quirrell,"people: ['Harry', 'Hermione', 'Charlie', 'Ron'], actions:['dragon', 'don'], with a ['egg', 'study', 'week', 'bite', 'stone'], at [], supporting: ['Quirrell', 'Snape']"
173,Harry Potter and the Philosophers Stone,15,The Forbidden Forest,Harry and Neville hurt with a centaur at Forest with Mcgonagall,"people: ['Harry', 'Neville', 'Hermione', 'Filch', 'fang', 'Quirrell', 'Malfoy'], actions:['hurt', 'walk'], with a ['centaur', 'path', 'tree', 'bin', 'blood'], at ['Forest', 'Gryffindor'], supporting: ['Mcgonagall', 'yeh', 'Snape', 'Ron', 'Potter']"
174,Harry Potter and the Philosophers Stone,16,Through the Trapdoor,Harry and Hermione pull with a exam at Chamber with Dumbledore,"people: ['Harry', 'Hermione', 'Neville', 'Snape'], actions:['pull'], with a ['exam', 'professor', 'stone', 'door', 'dragon'], at ['Chamber'], supporting: ['Dumbledore', 'Mcgonagall']"
175,Harry Potter and the Philosophers Stone,17,The Man with Two Faces,Harry and Dumbledore kill with a stone at Gryffindor with Hagrid,"people: ['Harry', 'Dumbledore', 'Snape', 'Voldemort', 'Ron'], actions:['kill'], with a ['stone', 'mirror', 'sir', 'father', 'pomfrey'], at ['Gryffindor', 'Slytherin'], supporting: ['Hagrid', 'Hermione', 'Weasley']"
176,Harry Potter and the Prisoner of Azkaban,1,Owl Post,Harry and Hedwig  with a uncle at Hogwarts with Petunia,"people: ['Harry', 'Hedwig', 'Ron', 'Weasley'], actions:[], with a ['uncle', 'birthday', 'book', 'year', 'owl'], at ['Hogwarts'], supporting: ['Petunia', 'Hermione']"
177,Harry Potter and the Prisoner of Azkaban,2,Aunt Marges Big Mistake,Harry and Vernon cage with a uncle at Kitchen with Hedwig,"people: ['Harry', 'Vernon', 'Petunia'], actions:['cage'], with a ['uncle', 'car', 'dog', 'form', 'birthday'], at ['Kitchen', 'Hogsmeade'], supporting: ['Hedwig']"
178,Harry Potter and the Prisoner of Azkaban,3,The Knight Bus,Harry and Fudge fall with a trunk at  with Hedwig,"people: ['Harry', 'Fudge', 'Tom', 'Black', 'Neville'], actions:['fall'], with a ['trunk', 'ernie', 'minister', 'magic', 'azkaban'], at [], supporting: ['Hedwig', 'Dursley', 'Sirius']"
179,Harry Potter and the Prisoner of Azkaban,4,The Leaky Cauldron,Harry and Ron  with a rat at Hogwarts with Fudge,"people: ['Harry', 'Ron', 'Percy', 'Weasley'], actions:[], with a ['rat', 'book', 'cage', 'firebolt', 'witch'], at ['Hogwarts'], supporting: ['Fudge', 'Fred']"
180,Harry Potter and the Prisoner of Azkaban,5,The Dementor,Harry and Lupin  with a professor at Hogsmeade with Ginny,"people: ['Harry', 'Lupin', 'Hermione', 'Weasley', 'Malfoy', 'Mcgonagall'], actions:[], with a ['professor', 'compartment', 'train', 'platform', 'door'], at ['Hogsmeade'], supporting: ['Ginny', 'Neville', 'Goyle', 'Crabbe']"
181,Harry Potter and the Prisoner of Azkaban,6,Talons and Tea Leaves,Harry and Ron chain with a professor at Classroom with Mcgonagall,"people: ['Harry', 'Ron', 'Hagrid', 'Hermione', 'Malfoy', 'yeh'], actions:['chain'], with a ['professor', 'class', 'cup', 'book', 'tea'], at ['Classroom'], supporting: ['Mcgonagall', 'Neville', 'George', 'Brown']"
182,Harry Potter and the Prisoner of Azkaban,7,The Boggart in the Wardrobe,Harry and Neville crack with a professor at  with Hermione,"people: ['Harry', 'Neville', 'Snape', 'Malfoy', 'Ron'], actions:['crack'], with a ['professor', 'class', 'peeve', 'potion', 'sir'], at [], supporting: ['Hermione', 'Seamus', 'parvati']"
183,Harry Potter and the Prisoner of Azkaban,8,Flight of the Fat Lady,Harry and Ron Filch with a professor at Wood with Mcgonagall,"people: ['Harry', 'Ron', 'Hermione', 'hogsmeade', 'Lavender'], actions:['Filch'], with a ['professor', 'class', 'goblet', 'feast', 'tea'], at ['Wood'], supporting: ['Mcgonagall', 'Snape', 'Dumbledore']"
184,Harry Potter and the Prisoner of Azkaban,9,Grim Defeat,Harry and Snape match with a field at Hufflepuff with Lupin,"people: ['Harry', 'Snape', 'Hermione', 'Diggory', 'Percy', 'Ron'], actions:['match'], with a ['field', 'team', 'professor', 'rain', 'snitch'], at ['Hufflepuff', 'Ravenclaw'], supporting: ['Lupin', 'Dumbledore', 'gryffindor', 'Fred']"
185,Harry Potter and the Prisoner of Azkaban,10,The Marauder's Map,Harry and Fred map with a professor at Classroom with Fudge,"people: ['Harry', 'Fred', 'George', 'Ron', 'Hermione', 'hogsmeade'], actions:['map'], with a ['professor', 'christmas', 'dementor', 'madam', 'parchment'], at ['Classroom'], supporting: ['Fudge', 'Black', 'Mcgonagall', 'Sirius']"
186,Harry Potter and the Prisoner of Azkaban,11,The Firebolt,Harry and Hagrid don with a professor at  with Malfoy,"people: ['Harry', 'Hagrid', 'Hermione', 'Mcgonagall', 'christmas'], actions:['don', 'cabin'], with a ['professor', 'firebolt', 'trelawney', 'buckbeak', 'table'], at [], supporting: ['Malfoy', 'Pettigrew', 'Lupin']"
187,Harry Potter and the Prisoner of Azkaban,12,The Patronus,Harry and Hermione  with a dementor at Classroom with Mcgonagall,"people: ['Harry', 'Hermione', 'Ron'], actions:[], with a ['dementor', 'firebolt', 'patronus', 'professor', 'memory'], at ['Classroom', 'Wood'], supporting: ['Mcgonagall']"
188,Harry Potter and the Prisoner of Azkaban,13,Gryffindor versus Ravenclaw,Harry and Ron  with a snitch at Ravenclaw with Mcgonagall,"people: ['Harry', 'Ron', 'Cho', 'dementors', 'Percy', 'katie'], actions:[], with a ['snitch', 'team', 'field', 'broom', 'professor'], at ['Ravenclaw', 'Gryffindor'], supporting: ['Mcgonagall', 'Goyle', 'Malfoy', 'Hermione']"
189,Harry Potter and the Prisoner of Azkaban,14,Snape's Grudge,Harry and Ron map with a buckbeak at Office with Crabbe,"people: ['Harry', 'Ron', 'Malfoy', 'Lupin', 'Neville', 'Hagrid', 'hogsmeade'], actions:['map'], with a ['buckbeak', 'cloak', 'professor', 'troll', 'witch'], at ['Office'], supporting: ['Crabbe', 'Potter', 'Severus', 'Goyle', 'Hermione']"
190,Harry Potter and the Prisoner of Azkaban,15,The Quidditch Final,Harry and Hermione firebolt with a trelawney at Gryffindor with Lavender,"people: ['Harry', 'Hermione', 'Ron', 'angelina'], actions:['firebolt'], with a ['trelawney', 'professor', 'snitch', 'team', 'field'], at ['Gryffindor', 'Slytherin'], supporting: ['Lavender', 'Fred']"
191,Harry Potter and the Prisoner of Azkaban,16,Professor Trelawney's Prediction,Harry and Hagrid  with a trelawney at Cabin with Lord,"people: ['Harry', 'Hagrid', 'Hermione'], actions:[], with a ['trelawney', 'professor', 'buckbeak', 'exam', 'cloak'], at ['Cabin', 'Castle'], supporting: ['Lord']"
192,Harry Potter and the Prisoner of Azkaban,17,"Cat, Rat, and Dog",Harry and Black wand with a dog at  with Sirius,"people: ['Harry', 'Black', 'Ron'], actions:['wand', 'kill'], with a ['dog', 'rat', 'map', 'chest', 'cat'], at [], supporting: ['Sirius']"
193,Harry Potter and the Prisoner of Azkaban,18,"Moony, Wormtail, Padfoot and Prongs",Harry and Sirius lead with a werewolf at Hogwarts with Snape,"people: ['Harry', 'Sirius', 'Pettigrew', 'James', 'Black', 'Ron'], actions:['lead'], with a ['werewolf', 'month', 'bite', 'year', 'trust'], at ['Hogwarts'], supporting: ['Snape', 'Hermione', 'Dumbledore', 'Severus']"
194,Harry Potter and the Prisoner of Azkaban,19,The Servant of Lord Voldemort,Harry and Lupin kill with a rat at  with Sirius,"people: ['Harry', 'Lupin', 'Black', 'Snape', 'James', 'Ron'], actions:['kill', 'wand'], with a ['rat', 'azkaban', 'dog', 'friend', 'knee'], at [], supporting: ['Sirius', 'Lily', 'Voldemort', 'Hermione']"
195,Harry Potter and the Prisoner of Azkaban,20,The Dementors Kiss,Harry and Black  with a ground at  with Sirius,"people: ['Harry', 'Black', 'Lupin', 'Hermione'], actions:[], with a ['ground', 'grass', 'patronus', 'wand', 'dementor'], at [], supporting: ['Sirius', 'Snape']"
196,Harry Potter and the Prisoner of Azkaban,21,Hermiones Secret,Harry and Hermione listen with a tree at Forest with Fudge,"people: ['Harry', 'Hermione', 'Hagrid', 'Sirius', 'Pettigrew', 'Dumbledore'], actions:['listen'], with a ['tree', 'door', 'pomfrey', 'minister', 'madam'], at ['Forest', 'Cabin'], supporting: ['Fudge', 'Lupin', 'Ron', 'Granger']"
197,Harry Potter and the Prisoner of Azkaban,22,Owl Post Again,Harry and Dumbledore lock with a owl at  with Snape,"people: ['Harry', 'Dumbledore', 'Hermione', 'Pettigrew', 'Sirius', 'Ron'], actions:['lock'], with a ['owl', 'pomfrey', 'professor', 'night', 'madam'], at [], supporting: ['Snape', 'Severus', 'Vernon', 'Hagrid']"
